{
    "rmse": 1.2051472544423985,
    "r2_score": 0.8760696076224528,
    "best_filters": 46,
    "best_kernel": 2
}